image,xcenter,ycenter,width,heigth
vid_4_1000.jpg,304.4934877,205.1303089,46.46888560000002,36.190476200000006
vid_4_10000.jpg,67.746743855,211.7326255,105.16642549,49.3951094
vid_4_10040.jpg,300.5803184,206.59749035,122.77568739999998,59.66537969999999
vid_4_10020.jpg,563.251809,201.9514157,133.53690299999994,59.1763192
vid_4_10060.jpg,74.594790155,212.4662162,115.92764109,51.8404118
vid_4_10100.jpg,514.82633865,196.57175035,134.51519530000002,71.89189190000002
vid_4_10120.jpg,236.74674385000003,213.68886745,135.98263390000002,66.0231661
vid_4_10140.jpg,42.555716355,219.0685328,85.11143271,60.15444019999998
vid_4_1020.jpg,220.8494935,209.287323,36.6859624,39.6138996
vid_4_1040.jpg,148.4558611,209.53185325,64.07814760000001,39.1248391
vid_4_10480.jpg,538.0607815000001,201.9514157,128.15629520000005,58.19819820000001
vid_4_10500.jpg,209.10998555000003,213.9333977,118.86251810000002,46.94980700000002
vid_4_10520.jpg,18.342981185,214.91151865,36.68596237,39.1248391
vid_4_1060.jpg,78.99710561999999,209.28732305,67.01302455999999,32.76705270000002
vid_4_10960.jpg,645.4283647,196.32722005,61.14327060000005,42.05920209999999
vid_4_10980.jpg,458.32995660000006,212.7107465,119.35166420000002,48.41698839999998
vid_4_11000.jpg,207.39797395,218.47249035,116.4167873,47.22490350000001
vid_4_11020.jpg,37.908827785,217.60135135,75.81765557,39.61389970000002
vid_4_11240.jpg,565.6975398,207.57561135,136.47178000000002,46.9498069
vid_4_11260.jpg,340.93487695,221.0247748,130.1128799,47.43886740000002
vid_4_11280.jpg,124.73227206,222.49195625,124.24312588,42.54826249999999
vid_4_11380.jpg,565.2083936500001,202.6850064,101.25325609999992,52.81853279999999
vid_4_11400.jpg,380.55571635,213.19980695,98.8075253,41.570141500000005
vid_4_11420.jpg,188.3212735,216.86776065,100.76411,39.1248391
vid_4_11440.jpg,37.17510854,217.60135135,74.35021708,36.6795367
vid_4_11900.jpg,574.5021708,201.9514157,100.27496380000002,34.72329479999999
vid_4_11880.jpg,647.3849493499999,200.239704,57.2301013,37.1685972
vid_4_11920.jpg,463.22141825,209.7763835,105.6555717,31.7889318
vid_4_11940.jpg,334.57597685,210.5099743,96.85094069999997,36.190476200000006
vid_4_11960.jpg,206.6642547,212.9552767,100.27496380000002,34.234234199999975
vid_4_11980.jpg,100.27496384,214.6669884,90.98118671999998,39.6138996
vid_4_12000.jpg,25.191027495,211.97715575,50.38205499,31.299871300000007
vid_4_12040.jpg,659.1244573,196.3272201,33.751085399999965,35.21235519999999
vid_4_12100.jpg,480.8306802,196.81628055,81.19826340000003,40.10296009999999
vid_4_12060.jpg,622.9276411,197.79440155,55.2735166,35.21235530000001
vid_4_12080.jpg,563.2518090000001,195.8381596,56.25180899999998,38.14671819999998
vid_4_12120.jpg,381.2894356,200.97329475,94.40520979999997,45.48262550000001
vid_4_12140.jpg,263.40520985,204.8857786,108.1013025,40.592020599999984
vid_4_12140.jpg,617.0578871499999,189.96943375,49.4037626999999,41.081081100000006
vid_4_12160.jpg,148.700434155,208.79826255,110.54703329000002,44.5045045
vid_4_12160.jpg,559.33863965,189.48037325,43.53400869999996,31.299871299999975
vid_4_12160.jpg,658.39073805,195.8381596,35.21852390000004,53.7966538
vid_4_12180.jpg,48.18089725,209.0427928,84.62228654,44.99356499999999
vid_4_12180.jpg,500.8856729,189.7249035,36.19681619999994,29.8326898
vid_4_12180.jpg,585.0188133,196.5717503,58.69753979999996,50.37323039999998
vid_4_12200.jpg,448.5470333,188.99131275,33.26193920000003,24.4530245
vid_4_12200.jpg,495.7496382,199.01705275,45.490593399999966,52.32947229999999
vid_4_12220.jpg,422.86685965,198.77252255,48.42547029999997,39.1248391
vid_4_12240.jpg,631.73227205,196.5717503,88.53545589999999,48.41698840000001
vid_4_12240.jpg,361.23444285,199.01705275,54.29522429999997,27.876447900000016
vid_4_12260.jpg,576.7033285,211.7326255,181.9623734,48.41698840000001
vid_4_12260.jpg,302.0477569,200.7287645,38.64254699999998,33.25611319999999
vid_4_12280.jpg,414.7959479,222.247426,175.114327,56.73101679999999
vid_4_12280.jpg,250.68740955,199.99517375,42.55571630000003,25.920205900000013
vid_4_12300.jpg,206.6642547,199.50611325,28.85962379999998,19.073359100000005
vid_4_12300.jpg,247.7525326,228.60521235,158.97250359999998,48.9060489
vid_4_12300.jpg,470.3140376,208.0646718,167.7771346,44.99356500000002
vid_4_12300.jpg,501.3748191,211.97715575,171.20115780000003,85.09652510000001
vid_4_12320.jpg,103.69898697,228.60521235,152.61360346,41.08108109999998
vid_4_12320.jpg,181.9623734,215.1560489,86.08972500000002,36.679536600000006
vid_4_12320.jpg,320.6353111,217.60135135,167.7771346,69.93564990000002
vid_4_12340.jpg,30.32706223,230.0723938,60.65412446,45.971686000000005
vid_4_12340.jpg,85.84515194,217.3568211,62.12156292,46.94980699999999
vid_4_12340.jpg,167.777134585,218.8240026,144.78726483000003,82.16216219999998
vid_4_12360.jpg,57.4746744,218.09041185,114.9493488,62.11068209999999
vid_4_12360.jpg,127.17800291,218.8240026,92.93777138000002,53.7966538
vid_4_12380.jpg,54.050651245,210.7545045,102.23154851,50.37323040000001
vid_4_12480.jpg,166.065122995,235.20752895,287.12879881,137.42599749999997
vid_4_13580.jpg,458.0853835,194.12644785,38.64254699999998,26.8983269
vid_4_13620.jpg,341.42402315000004,223.9591377,186.85383510000003,75.80437579999997
vid_4_13640.jpg,343.13603475,196.3272201,31.79450070000001,34.2342342
vid_4_13640.jpg,65.05643995,223.71460745,130.1128799,56.7310167
vid_4_13660.jpg,304.4934877,193.8819176,24.946454399999997,27.387387399999994
vid_4_13660.jpg,623.41678725,207.7131596,105.16642549999996,63.30276699999999
vid_4_13680.jpg,269.76411,192.90379665,19.076700399999996,18.58429849999999
vid_4_13680.jpg,298.1345876,224.20366795,181.4732272,57.709137700000014
vid_4_13680.jpg,547.8437048,197.79440155,144.78726479999995,47.92792789999999
vid_4_13700.jpg,40.843704775,220.29118405,81.68740955,51.84041189999999
vid_4_13700.jpg,237.4804631,195.8381596,36.6859624,28.36550839999998
vid_4_13700.jpg,312.8089725,209.5318533,122.7756874,60.64350060000001
vid_4_13700.jpg,461.9985528,211.6256435,164.84225759999998,72.1058558
vid_4_13720.jpg,109.568740935,221.7583655,142.83068013000002,56.73101680000002
vid_4_13720.jpg,208.86541240000005,196.08268985,39.1316932,24.9420849
vid_4_13720.jpg,634.66714905,202.19594595,82.66570190000004,68.4684685
vid_4_13740.jpg,327.97250365,213.68886745,191.2561505,77.76061770000001
vid_4_13740.jpg,175.60347324999998,197.0608108,41.08827790000001,23.963964000000004
vid_4_13760.jpg,145.7655572,198.28346205,36.19681619999999,28.365508299999988
vid_4_13760.jpg,49.89290883,214.8045367,99.78581766,53.03249679999999
vid_4_13760.jpg,645.4283647,186.79054055,61.14327060000005,56.2419563
vid_4_13780.jpg,119.59623733,197.06081085,42.55571634,17.1171171
vid_4_13780.jpg,480.8306802,191.92567565,161.41823440000002,87.05276710000001
vid_4_13800.jpg,238.94790155,194.8600386,152.1244573,69.4465894
vid_4_13800.jpg,615.10130245,207.33108105,121.79739510000002,62.11068209999999
vid_4_13840.jpg,239.19247465,210.50997425,115.43849490000002,49.88416990000002
vid_4_13840.jpg,25.924746745,217.3568211,51.84949349,43.03732299999999
vid_4_13820.jpg,62.12156294,198.28346205,112.50361792,64.55598450000002
vid_4_13820.jpg,260.47033285,218.82400255,172.66859629999996,68.4684685
vid_4_13820.jpg,487.4341534,204.1521879,109.0795948,54.77477479999999
vid_4_13860.jpg,52.338639660000005,207.08655085,96.85094068,43.03732310000001
vid_4_13860.jpg,517.51664255,215.8896396,165.3314037,62.59974259999999
vid_4_13860.jpg,642.7380608000001,194.99758685,66.52387839999994,42.7622265
vid_4_13900.jpg,197.8596237,206.8420206,112.0144718,48.41698840000001
vid_4_13880.jpg,140.140376255,219.06853285,152.12445729,55.26383529999998
vid_4_13880.jpg,452.4602026,200.239704,120.32995660000006,52.81853279999999
vid_4_13920.jpg,34.48480463,209.04279275,68.96960926,40.10296009999999
vid_4_14140.jpg,480.09696095,233.98487775,272.4544139,103.68082370000002
vid_4_14160.jpg,80.9536903,237.40830115,161.9073806,85.09652510000001
vid_4_14360.jpg,447.56874095,198.0389318,120.32995649999998,60.15444020000001
vid_4_14340.jpg,649.09696095,191.68114545,53.80607810000004,45.48262549999998
vid_4_14380.jpg,188.0767004,208.79826255,112.0144718,47.438867500000015
vid_4_14400.jpg,27.63675832,209.5318533,55.27351664,37.1685972
vid_4_14460.jpg,429.2257598,201.70688545,114.9493488,48.9060489
vid_4_14440.jpg,629.7756873999999,192.1702059,92.44862520000004,42.548262600000015
vid_4_14480.jpg,202.7510854,210.02091375,100.2749638,39.1248391
vid_4_14500.jpg,44.26772793,210.50997425,88.53545586,37.1685971
vid_4_15000.jpg,595.5354558500001,206.59749035,160.9290883,64.5559845
vid_4_15020.jpg,271.96526775,223.47007725,177.0709117,69.93564989999999
vid_4_15040.jpg,42.800289435,222.00289575,85.60057887,54.2857143
vid_4_16000.jpg,451.2373372,210.50997425,87.55716360000002,47.92792789999999
vid_4_16020.jpg,291.5311143,215.64510935,94.89435600000002,44.50450450000002
vid_4_16040.jpg,146.9884226,213.4443372,92.4486252,50.86229080000001
vid_4_16060.jpg,36.44138929,214.42245815,72.88277858,39.1248391
vid_4_16100.jpg,638.3357453,204.88577865,75.32850940000003,53.30759330000001
vid_4_16120.jpg,516.7829233,205.1303089,129.62373380000002,46.94980699999999
vid_4_16140.jpg,350.2286541,211.13658305,126.19971059999996,45.26866149999998
vid_4_16160.jpg,188.8104197,215.40057915,114.4602026,45.97168590000001
vid_4_16180.jpg,60.89869755,214.1779279,102.2315485,39.6138996
vid_4_16280.jpg,632.7105644000001,193.88191765,76.79594800000007,42.05920209999999
vid_4_16320.jpg,473.0043415,197.7944015,49.89290879999999,36.190476200000006
vid_4_16300.jpg,548.8219971,196.81628055,71.41534000000001,41.08108109999998
vid_4_16400.jpg,257.5354559,200.239704,27.881331399999997,20.54054060000001
vid_4_16420.jpg,222.5615051,201.9514157,30.3270622,22.007722
vid_4_16500.jpg,311.34153405,223.71460745,157.9942113,60.6435007
vid_4_16660.jpg,506.02170765,216.1341699,182.4515195,61.1325612
vid_4_16680.jpg,136.71635313000002,224.20366795,152.12445734000002,54.7747747
vid_4_16700.jpg,527.2995658,210.7545045,173.15774239999996,67.979408
vid_4_16720.jpg,139.89580318999998,227.1380309,150.65701882,68.4684684
vid_4_17040.jpg,602.87264835,194.61550835,146.25470329999996,64.0669241
vid_4_17060.jpg,351.94066569999995,203.6631274,149.1895804,64.55598459999999
vid_4_17080.jpg,112.503617945,209.7763835,140.87409551000002,57.22007719999999
vid_4_17100.jpg,554.447178,208.79826255,110.05788720000004,47.438867500000015
vid_4_17140.jpg,60.898697555000005,219.0685328,88.53545589000001,38.63577860000001
vid_4_17140.jpg,601.1606367500001,201.9514157,112.5036179,54.2857142
vid_4_17120.jpg,277.59044865,217.3568211,118.8625181,44.015444
vid_4_17160.jpg,349.73950795,213.9333977,119.35166429999998,42.05920200000003
vid_4_17180.jpg,119.10709115,220.0466538,104.18813310000002,38.63577859999998
vid_4_17240.jpg,499.9073806,216.8677606,157.5050652,62.59974260000001
vid_4_17260.jpg,120.819102735,222.98101675,145.76555713,54.2857143
vid_4_17320.jpg,411.61649779999993,242.5434363,298.8683068,131.5572716
vid_4_17340.jpg,66.7684515,235.20752895,133.536903,88.5199485
vid_4_17340.jpg,214.49059335,216.13416985,119.84081050000005,52.32947229999999
vid_4_17360.jpg,30.082489145,214.6669884,60.16497829,41.5701416
vid_4_17400.jpg,559.58321275,204.64124835,109.56874090000002,49.88416989999999
vid_4_17440.jpg,41.33285094,214.4224582,82.66570188,45.971686000000005
vid_4_17420.jpg,259.00289435,217.8458816,127.6671491,44.99356500000002
vid_4_17560.jpg,43.2894356,215.15604895,86.5788712,63.08880309999998
vid_4_17560.jpg,245.3068017,207.8201416,119.8408104,58.19819819999998
vid_4_17560.jpg,612.4109985499999,212.60376445,127.17800290000002,62.87483909999997
vid_4_17540.jpg,342.40231545,217.8458816,182.9406657,68.46846839999998
vid_4_17540.jpg,539.52821995,200.7287645,133.04775689999997,54.77477480000002
vid_4_17580.jpg,229.89869755,226.6489704,172.17945009999997,59.66537960000002
vid_4_17580.jpg,38.887120115,211.97715575,77.77424023,42.05920209999999
vid_4_1760.jpg,517.5166425499999,201.9514157,112.5036179,44.50450459999999
vid_4_17600.jpg,624.6396526999999,205.37483915,102.7206946,64.06692410000002
vid_4_17620.jpg,247.0188133,227.1380309,173.15774240000002,60.64350060000001
vid_4_17620.jpg,495.7496382,205.13030885,147.23299559999998,56.7310167
vid_4_17640.jpg,195.65846595,211.7326255,140.8740955,49.3951094
vid_4_17640.jpg,645.4283647,205.1303089,61.14327060000005,52.81853279999999
vid_4_17660.jpg,323.8147612,224.9372587,171.20115779999998,52.32947239999999
vid_4_17660.jpg,28.125904485,213.6888674,56.25180897,39.6138996
vid_4_17680.jpg,34.24023155,220.78024455,68.4804631,47.927927900000014
vid_4_1780.jpg,281.0144718,210.7545045,98.3183792,34.72329480000002
vid_4_1780.jpg,608.25325615,202.4404762,135.49348769999995,75.8043758
vid_4_1800.jpg,85.600578845,212.221686,90.00289430999999,32.76705279999999
vid_4_1800.jpg,231.8552822,218.57947235,180.984081,79.71685969999999
vid_4_1800.jpg,594.8017365999999,202.19594595,115.438495,41.081081100000006
vid_4_18180.jpg,419.1982634,216.6232304,172.17945000000003,67.00128700000002
vid_4_1820.jpg,371.2619392,207.7131596,105.65557159999996,38.421814600000005
vid_4_1820.jpg,608.49782925,204.88577865,135.0043415,81.67310169999999
vid_4_18200.jpg,93.18234445000002,224.69272845,130.60202610000002,57.70913769999999
vid_4_18320.jpg,558.11577425,199.0170528,133.04775690000008,48.41698840000001
vid_4_18360.jpg,73.86107092,216.37870015,112.50361796,47.927927900000014
vid_4_18340.jpg,293.7322721,211.48809525,131.58031839999998,50.86229089999998
vid_4_1840.jpg,197.8596237,226.6489704,178.53835020000002,81.1840412
vid_4_1840.jpg,390.58321275,206.3529601,154.0810419,55.26383519999999
vid_4_1860.jpg,141.852387845,214.4224582,121.30824891,54.77477479999999
vid_4_1860.jpg,23.234442835,215.1560489,46.46888567,33.7451738
vid_4_1860.jpg,632.7105644000001,210.265444,84.62228659999994,56.2419562
vid_4_1880.jpg,253.62228655,230.80598455,183.4298119,72.8700129
vid_4_1880.jpg,569.6107091,198.28346205000005,91.47033280000004,34.2342343
vid_4_1880.jpg,629.04196815,198.9100708,93.9160637,52.11550840000001
vid_4_18820.jpg,620.7264833500001,196.81628055,110.54703329999997,51.84041190000002
vid_4_18840.jpg,359.7670043,208.79826255,142.34153400000002,53.30759330000001
vid_4_18860.jpg,98.31837918,215.1560489,117.39507964,48.41698839999998
vid_4_18860.jpg,592.84515195,209.28732305,161.41823450000004,78.7387387
vid_4_18880.jpg,214.73516645,219.80212355,160.43994209999997,65.53410550000001
vid_4_1900.jpg,380.31114325,207.5756113,123.7539797,54.77477480000002
vid_4_19040.jpg,603.85094065,203.17406695,111.0361795,48.9060489
vid_4_19060.jpg,301.06946455,214.1779279,116.9059335,47.43886740000002
vid_4_19080.jpg,54.5397974075,211.48809525,98.318379185,41.08108109999998
vid_4_1920.jpg,129.62373373,216.62323035,98.80752533999998,46.46074650000003
vid_4_1920.jpg,186.1201158,212.9552767,55.2735166,38.14671819999998
vid_4_1940.jpg,38.887120115,211.48809525,69.94790159,29.343629300000003
vid_4_1940.jpg,643.22720695,192.6592664,55.76266290000001,40.59202060000001
vid_4_1960.jpg,488.41244575,199.261583,105.1664255,39.1248392
vid_4_1960.jpg,533.1693198,208.5537323,126.1997106,41.08108100000001
vid_4_19760.jpg,418.2199711,207.82014155,134.0260492,56.2419563
vid_4_19780.jpg,140.38494935,213.19980695,107.6121563,42.54826249999999
vid_4_19740.jpg,645.91751085,195.5936293,56.251808900000015,40.59202060000001
vid_4_1980.jpg,280.5253256,216.37870015,120.81910279999995,49.88416989999999
vid_4_1980.jpg,400.6107091,210.7545045,97.829233,41.5701416
vid_4_1980.jpg,605.0738061,202.68500645,119.35166420000007,51.84041189999999
vid_4_19880.jpg,496.23878435,206.59749035,123.75397970000006,47.927927900000014
vid_4_19900.jpg,208.37626625,215.6451094,121.3082489,45.48262540000002
vid_4_19920.jpg,26.65846599,215.1560489,53.31693198,34.72329480000002
vid_4_2000.jpg,74.83936324499999,221.51383525,104.67727931,35.701415699999984
vid_4_2000.jpg,126.68885672,211.243565,84.13314036,42.548262600000015
vid_4_2000.jpg,197.37047755,215.5381274,105.1664255,38.84974260000001
vid_4_2000.jpg,376.39797395,216.8677606,138.42836469999995,55.752895800000005
vid_4_2000.jpg,518.73950795,203.90765765,93.42691750000006,36.6795367
vid_4_2020.jpg,50.626628075,215.40057915,74.83936324999999,34.234234300000026
vid_4_2020.jpg,139.895803185,220.29118405,108.59044862999998,42.05920209999999
vid_4_2020.jpg,322.10274965,214.66698845,96.36179450000004,35.70141570000001
vid_4_2020.jpg,638.5803184,201.9514157,74.83936319999998,45.48262539999999
vid_4_2040.jpg,146.25470335,218.33494205,90.9811867,32.277992299999994
vid_4_2040.jpg,17.60926194,219.80212355,35.21852388,28.365508299999988
vid_4_2040.jpg,455.1505065,207.95768985,128.64544139999998,51.62644789999999
vid_4_2040.jpg,624.1505065,208.79826255,103.698987,60.15444009999999
vid_4_2060.jpg,32.0390738075,212.221686,63.099855285,30.810810800000013
vid_4_2060.jpg,221.09406655,216.6232304,121.30824890000002,41.5701416
vid_4_2060.jpg,277.8350217,228.9872909,164.35311140000002,53.03249679999999
vid_4_2060.jpg,544.6642547,203.6631274,106.14471780000008,38.14671820000001
vid_4_2080.jpg,54.29522431,212.22168595,76.30680174,34.7232947
vid_4_2080.jpg,24.45730825,220.53571425,48.9146165,35.70141570000001
vid_4_2080.jpg,340.20115775,209.53185325,99.2966715,41.08108109999998
vid_4_2080.jpg,640.53690305,197.30534105,70.92619390000004,42.05920209999999
vid_4_2100.jpg,149.6787265,213.4443372,91.959479,39.1248392
vid_4_2100.jpg,447.0795948,205.8638996,117.39507960000005,60.15444020000001
vid_4_2100.jpg,611.18813315,201.9514157,129.6237337,58.19819820000001
vid_4_21160.jpg,583.7959479,197.7944015,139.406657,53.7966538
vid_4_21180.jpg,325.03762665,210.0209138,144.2981187,51.8404118
vid_4_2120.jpg,26.65846599,209.0427928,53.31693198,38.14671820000001
vid_4_2120.jpg,240.4153401,221.7583655,172.6685962,59.6653796
vid_4_2120.jpg,408.19247465,205.75691765,96.36179449999996,37.44369370000001
vid_4_21200.jpg,96.85094065,210.02091375,115.4384949,40.10296009999999
vid_4_21220.jpg,585.7525325500001,195.59362935,105.16642549999996,39.61389970000002
vid_4_21240.jpg,327.97250365,208.30920205,110.05788709999996,47.43886749999999
vid_4_21240.jpg,636.37916065,208.30920205,79.24167869999997,55.26383530000001
vid_4_21260.jpg,95.1389291,210.0209138,92.4486252,44.015444
vid_4_21260.jpg,304.00434155,218.5794723,160.9290883,59.1763192
vid_4_21280.jpg,29.104196815,213.9333977,58.20839363,43.037323000000015
vid_4_21300.jpg,578.65991315,211.7326255,177.0709117,60.15444019999998
vid_4_21320.jpg,176.58176555,223.225547,148.7004341,54.77477479999999
vid_4_2140.jpg,45.9797395075,212.46621625,75.328509405,41.081081100000006
vid_4_2140.jpg,206.17510855,211.243565,84.6222865,32.767052800000016
vid_4_2140.jpg,562.0289436,215.8896396,195.658466,71.4028314
vid_4_21420.jpg,247.01881335,217.98342985,121.3082489,45.26866150000001
vid_4_21400.jpg,542.9522431,200.97329475,120.32995659999996,45.48262550000001
vid_4_21440.jpg,40.10998553,213.68886745,80.21997106,35.701415699999984
vid_4_21480.jpg,432.894356,215.6451094,180.00578879999995,59.1763192
vid_4_21480.jpg,603.6063676,195.8381596,109.56874100000005,39.1248392
vid_4_21500.jpg,354.38639650000005,206.8420206,125.7105644,42.548262600000015
vid_4_21500.jpg,75.328509405,223.71460745,136.96092619,49.88416989999999
vid_4_21520.jpg,112.01447176,213.93339765,101.74240228,41.081081100000006
vid_4_21560.jpg,437.78581765,207.08655085,127.17800290000002,39.1248391
vid_4_21560.jpg,598.22575975,205.6193694,155.54848049999998,80.20592020000001
vid_4_21540.jpg,642.2489146,193.1483269,67.50217080000004,40.59202060000001
vid_4_21580.jpg,213.02315485,220.0466538,165.8205499,57.22007719999999
vid_4_21620.jpg,543.1968162000001,213.4443372,167.7771346,58.68725860000001
vid_4_21600.jpg,24.212735165,215.5381274,48.42547033,35.4874518
vid_4_21640.jpg,152.85817653499998,223.7146075,154.08104193,53.7966538
vid_4_21640.jpg,488.6570188,202.19594595,131.09117219999996,52.81853290000001
vid_4_2160.jpg,47.93632417,216.86776065,78.2633864,23.47490350000001
vid_4_2160.jpg,151.14616496500005,228.60521235,166.30969607000003,56.731016700000026
vid_4_2160.jpg,403.301013,219.5575933,117.88422579999995,43.5263836
vid_4_21660.jpg,215.22431255,213.68886745,127.1780029,43.52638350000001
vid_4_21680.jpg,35.952243125,215.6451094,71.90448625,43.5263836
vid_4_2180.jpg,175.60347325,219.80212355,107.6121563,44.0154441
vid_4_2200.jpg,28.37047757,219.0685328,56.74095514,30.810810799999985
vid_4_22240.jpg,100.519536885,223.3630952,147.23299563,59.940476200000006
vid_4_22220.jpg,487.1895803,208.5537323,183.918958,73.3590734
vid_4_22560.jpg,325.2821997,215.1560489,113.48191019999996,48.41698839999998
vid_4_22540.jpg,618.5253256,204.1521879,113.97105639999997,41.08108099999998
vid_4_22580.jpg,69.45875543,219.5575933,95.87264834,40.59202060000001
vid_4_22640.jpg,613.1447178000001,204.6412484,125.71056439999995,72.38095240000001
vid_4_22660.jpg,233.56729375,222.4919562,166.7988423,75.8043758
vid_4_22700.jpg,489.146165,205.8638996,132.06946459999995,42.54826259999999
vid_4_22720.jpg,211.0665702,215.40057915,112.01447180000002,43.03732309999998
vid_4_22740.jpg,29.3487699,218.57947235,58.6975398,35.701415699999984
vid_4_22980.jpg,596.2691751,203.6631274,120.32995660000006,43.03732299999999
vid_4_23000.jpg,319.41244575,216.86776065,118.3733719,40.10296009999999
vid_4_23020.jpg,81.442836465,218.3349421,105.16642547,37.1685972
vid_4_2380.jpg,536.593343,206.59749035,102.72069459999994,42.05920210000002
vid_4_2400.jpg,282.97105645,218.8240026,108.10130249999996,51.84041180000003
vid_4_2420.jpg,69.45875542,214.1779279,87.06801736,41.57014160000003
vid_4_24760.jpg,118.128798865,215.1560489,97.34008687,27.876447799999998
vid_4_2520.jpg,570.0998553,207.33108105,206.90882780000004,69.93564989999999
vid_4_2540.jpg,124.732272085,221.75836555,192.72358903,67.49034750000001
vid_4_26300.jpg,621.7047757,193.88191765,83.15484800000002,33.25611330000001
vid_4_26320.jpg,531.21273515,194.61550835,90.00289429999992,34.7232947
vid_4_26320.jpg,646.4066570499999,189.9694337,57.2301013,34.2342342
vid_4_26340.jpg,420.4211288,205.6193694,93.42691759999995,34.2342342
vid_4_26340.jpg,558.3603473000001,201.9514157,131.5803184,37.65765760000002
vid_4_26340.jpg,635.6454414,194.12644785,58.20839360000002,37.657657700000016
vid_4_26360.jpg,299.1128799,207.08655085,68.96960920000004,31.299871300000007
vid_4_26360.jpg,399.1432706,208.79826255,123.26483359999996,46.4607465
vid_4_26360.jpg,544.6642547,201.21782495,82.66570180000008,30.32175029999999
vid_4_26360.jpg,649.5861070999999,195.8381596,52.827785800000015,43.03732299999999
vid_4_26380.jpg,183.1852388,210.99903475,61.1432706,26.4092665
vid_4_26380.jpg,226.96382055,213.19980695,111.5253257,36.6795367
vid_4_26380.jpg,449.52532565,202.44047615,82.1765557,35.701415699999984
vid_4_26380.jpg,563.4963821,196.57175035,114.4602026,46.4607465
vid_4_26380.jpg,634.4225759999999,196.5717503,61.63241679999999,22.007722
vid_4_26420.jpg,22.5007235875,214.17792795,40.109985525,33.74517370000001
vid_4_26420.jpg,253.1331404,212.221686,109.0795948,47.43886739999999
vid_4_26420.jpg,440.7206946,205.61936935,97.82923300000004,32.277992299999994
vid_4_26420.jpg,562.2735166,200.48423425,125.7105644,38.635778699999975
vid_4_26420.jpg,621.2156295,196.08268980000005,72.3936324,29.8326898
vid_4_26400.jpg,86.82344428,214.91151865,113.97105644,42.05920209999999
vid_4_26400.jpg,346.80463095,205.1303089,85.11143270000002,34.2342342
vid_4_26400.jpg,416.0188133,205.1303089,109.0795948,44.015444
vid_4_26400.jpg,539.2836469,201.217825,95.38350220000008,36.190476200000006
vid_4_26400.jpg,646.406657,198.7725225,59.18668600000001,38.14671820000001
vid_4_26440.jpg,110.057887135,211.7326255,107.61215633,40.592020599999984
vid_4_26440.jpg,327.23878435,204.88577865,80.21997109999995,28.854568900000004
vid_4_26440.jpg,422.8668596,208.06467185,122.77568740000004,40.10296010000002
vid_4_26440.jpg,521.67438495,198.77252255,82.66570189999993,32.277992299999994
vid_4_26440.jpg,629.28654125,198.0389318,93.42691749999994,40.59202060000001
vid_4_26480.jpg,113.971056445,217.11229085,104.67727931,34.7232947
vid_4_26480.jpg,295.93342985,204.1521879,82.17655569999997,38.14671820000001
vid_4_26480.jpg,389.1157742,213.6888674,103.2098408,39.6138996
vid_4_26480.jpg,508.4674385,199.9951737,84.6222866,40.592020599999984
vid_4_26500.jpg,30.816208395,215.88963965,61.63241679,31.299871300000007
vid_4_26500.jpg,181.2286541,213.19980695,69.94790160000002,31.788931700000006
vid_4_26500.jpg,249.9536903,218.3349421,94.89435600000002,38.14671820000001
vid_4_26500.jpg,402.81186685,206.1084299,87.5571635,44.99356499999999
vid_4_26460.jpg,21.277858175,213.68886745,42.55571635,37.657657700000016
vid_4_26460.jpg,59.675832125,209.0427928,49.89290883,35.21235519999999
vid_4_26460.jpg,216.2026049,216.62323035,73.37192480000002,27.876447900000016
vid_4_26460.jpg,258.5137482,213.4443372,122.77568740000004,41.08108100000001
vid_4_26460.jpg,409.4153401,200.7287645,90.0028944,38.14671819999998
vid_4_26460.jpg,523.38639655,206.3529601,99.7858177,41.5701416
vid_4_26460.jpg,608.0086831,195.59362935,89.02460199999996,36.6795367
vid_4_26520.jpg,126.199710545,216.76077865,90.00289431000002,38.36068209999999
vid_4_26520.jpg,83.39942110999999,210.02091375,61.14327057999999,23.47490350000001
vid_4_26520.jpg,285.66136035,205.8638996,82.1765557,39.6138996
vid_4_26540.jpg,37.908827785,214.42245815,75.81765557,38.146718100000015
vid_4_26540.jpg,180.00578869999998,209.77638355,80.21997100000002,37.65765769999999
vid_4_26560.jpg,87.80173661,210.99903475,69.94790157999999,31.299871300000007
vid_4_26580.jpg,25.191027495,209.77638355,50.38205499,27.876447899999988
vid_4_28220.jpg,93.91606366,214.17792795,101.74240228,37.657657700000016
vid_4_28220.jpg,244.5730825,201.21782495,111.52532559999996,42.05920209999999
vid_4_28200.jpg,351.94066569999995,206.59749035,107.1230102,45.97168589999998
vid_4_28200.jpg,451.72648335,197.79440155,112.9927641,47.92792789999999
vid_4_28240.jpg,78.26338639,205.61936935,89.02460202,40.10296010000002
vid_4_28440.jpg,628.30824895,191.68114545,57.2301013,27.876447900000016
vid_4_28840.jpg,280.7698987,208.30920205,84.1331404,33.74517369999998
vid_4_28820.jpg,463.95513745000005,203.41859715,93.4269175,35.70141570000001
vid_4_28880.jpg,22.989869755,211.97715575,45.97973951,33.25611330000001
vid_4_28860.jpg,124.24312593,212.4662162,88.04630974,38.14671820000001
vid_4_29460.jpg,588.1982634,194.61550835000003,84.62228660000005,36.6795367
vid_4_29480.jpg,387.40376265,202.68500645,83.15484810000004,41.081081100000006
vid_4_29500.jpg,180.2503618,209.28732305,90.4920406,35.701415699999984
vid_4_29520.jpg,29.3487699,209.5318533,58.6975398,38.14671820000001
vid_4_29520.jpg,600.6714906,199.01705275,109.56874100000005,47.438867500000015
vid_4_29540.jpg,335.5542692,209.77638355,111.52532560000004,43.52638350000001
vid_4_29560.jpg,94.16063676,211.24356495,102.23154848,44.5045045
vid_4_29880.jpg,211.3111433,212.46621625,84.1331404,30.32175030000002
vid_4_29880.jpg,280.5253256,227.3825611,172.6685962,67.979408
vid_4_29880.jpg,458.3299566,203.66312745,70.43704779999996,31.299871300000007
vid_4_29880.jpg,640.04775685,192.6592664,71.90448630000003,34.72329479999999
vid_4_29900.jpg,72.149059345,214.17792795,82.66570191,27.876447900000016
vid_4_29900.jpg,369.7945007,230.31692405,170.2228654,71.89189190000002
vid_4_29900.jpg,486.94500725,199.7506435,81.68740950000006,36.190476200000006
vid_4_29920.jpg,183.67438495,209.28732305,65.05643990000002,26.8983269
vid_4_29920.jpg,289.57452965,207.57561135,83.15484809999998,39.1248391
vid_4_29920.jpg,467.8683068,221.02477475,171.69030400000003,78.7387387
vid_4_29920.jpg,659.1244573,191.43661515,33.751085399999965,22.496782499999995
vid_4_29940.jpg,71.659913145,212.4662162,62.12156291,25.43114539999999
vid_4_29940.jpg,129.868306785,211.243565,68.96960922999999,32.767052800000016
vid_4_29940.jpg,562.5180897,216.86776065,173.15774240000002,67.49034750000001
vid_4_30000.jpg,135.0043415,209.28732305,69.4587554,32.76705270000002
vid_4_30000.jpg,578.6599132,191.4366152,94.89435600000002,35.21235519999999
vid_4_29980.jpg,254.84515195,211.243565,65.54558610000001,25.920206000000007
vid_4_29960.jpg,22.989869755,213.68886745,45.97973951,35.701415699999984
vid_4_29960.jpg,402.07814765,207.08655085,71.41534009999998,28.365508300000016
vid_4_29960.jpg,624.3950795999999,211.243565,103.20984080000004,65.04504499999999
vid_4_30020.jpg,44.02315485,209.7763835,64.56729378,30.810810799999985
vid_4_30020.jpg,442.92185235,199.261583,96.36179449999996,38.14671820000001
vid_4_30440.jpg,238.45875540000003,212.95527675,98.3183792,40.10296010000002
vid_4_3120.jpg,582.3285094,204.39671815,131.5803184,45.48262549999998
vid_4_3160.jpg,25.924746745,213.9333977,51.84949349,44.99356499999999
vid_4_3160.jpg,645.1837916,204.1521879,61.63241679999999,50.86229079999998
vid_4_3140.jpg,244.3285094,215.6451094,121.797395,49.3951094
vid_4_3180.jpg,280.28075255,224.69272845,185.8755427,61.62162169999999
vid_4_3180.jpg,384.95803185,210.99903475,102.72069469999995,44.0154441
vid_4_3200.jpg,84.13314036,216.8677606,104.67727928,42.059202
vid_4_3220.jpg,500.88567295,209.77638355,113.48191029999992,43.52638350000001
vid_4_3240.jpg,219.1374819,220.0466538,103.69898700000002,41.5701416
vid_4_3260.jpg,26.41389291,216.1341699,52.82778582,38.63577860000001
vid_4_3380.jpg,114.46020258,210.99903475,90.98118664,38.14671809999999
vid_4_3360.jpg,332.61939215,207.3310811,113.48191029999998,39.6138996
vid_4_3340.jpg,579.3936324,197.79440155,103.20984079999994,44.0154441
vid_4_3440.jpg,322.5918958,218.0904118,184.4081042,67.00128699999999
vid_4_3460.jpg,29.3487699,218.3349421,58.6975398,55.752895800000005
vid_4_3520.jpg,621.4602026,200.7287645,109.0795948,44.015444
vid_4_3540.jpg,293.2431259,216.13416985,113.97105640000004,45.48262550000001
vid_4_3560.jpg,35.21852388,217.8458816,70.43704776,38.14671819999998
vid_4_3820.jpg,366.85962375,211.97715570000005,122.2865413,51.8404118
vid_4_3800.jpg,634.4225759999999,197.5498713,83.15484800000002,49.3951094
vid_4_3840.jpg,92.69319828,220.5357143,106.14471784,47.43886739999999
vid_4_4540.jpg,292.26483355,205.6193694,121.7973951,44.015444
vid_4_4520.jpg,505.2879884,193.1483269,123.26483360000005,48.41698839999998
vid_4_4560.jpg,94.160636745,214.4224582,107.12301011,44.99356499999999
vid_4_600.jpg,347.29377715,209.77638355,121.30824890000002,44.5045045
vid_4_6160.jpg,593.33429815,196.57175035,65.54558610000004,25.920205899999985
vid_4_6160.jpg,630.75397975,190.70302445,90.49204050000004,42.54826249999999
vid_4_6180.jpg,492.081042,201.21782495,134.02604920000005,47.92792789999999
vid_4_6180.jpg,638.0911722000001,189.9694337,75.81765559999997,38.14671820000001
vid_4_6200.jpg,301.5586107,204.6412484,120.81910279999995,45.971686000000005
vid_4_6200.jpg,527.788712,199.261583,94.89435600000002,34.2342342
vid_4_620.jpg,66.52387845,213.58188545,93.9160637,39.39993569999999
vid_4_6220.jpg,139.65123009,212.46621625,111.03617942,41.081081100000006
vid_4_6220.jpg,194.4356006,208.30920205,69.9479016,25.920205900000013
vid_4_6220.jpg,378.5991317,207.3310811,95.8726484,32.76705279999999
vid_4_6220.jpg,606.78581765,204.6412484,112.01447170000006,36.190476200000006
vid_4_6240.jpg,30.57163531,214.91151865,61.14327062,41.081081100000006
vid_4_6240.jpg,75.81765558000001,211.7326255,72.39363244,31.7889318
vid_4_6240.jpg,224.7626628,212.221686,92.4486252,30.810810800000013
vid_4_6240.jpg,451.9710564,210.64752255,117.39507960000005,45.26866150000001
vid_4_6240.jpg,578.4153401000001,194.61550835000003,106.14471779999997,36.6795367
vid_4_6240.jpg,660.5918958,198.7725225,30.81620840000005,38.14671820000001
vid_4_6260.jpg,103.454413875,214.91151865,79.73082484999999,30.32175029999999
vid_4_6260.jpg,270.00868305,216.1341699,112.5036179,42.548262600000015
vid_4_6260.jpg,451.97105645,201.59990345,105.6555717,43.80148009999999
vid_4_6260.jpg,566.43125905,204.88577865,111.52532569999994,38.6357787
vid_4_6260.jpg,632.7105644000001,191.68114545,69.94790159999991,42.54826250000002
vid_4_6280.jpg,19.076700435,212.71074645,38.15340087,25.920205900000013
vid_4_6280.jpg,112.259044865,213.93339765,108.10130247,32.277992299999994
vid_4_6280.jpg,311.8306802,207.3310811,98.31837919999998,32.76705279999999
vid_4_6280.jpg,409.6599132,211.243565,119.8408104,43.5263836
vid_4_6280.jpg,510.9131693,198.283462,92.44862520000004,44.01544399999997
vid_4_6320.jpg,89.758321285,213.6888674,103.20984083,40.59202060000001
vid_4_6320.jpg,212.5340087,205.8638996,89.51374820000001,40.59202060000001
vid_4_6300.jpg,23.234442835,213.68886745,46.46888567,41.570141500000005
vid_4_6300.jpg,177.80463095,208.79826255,87.5571635,35.701415699999984
vid_4_6300.jpg,241.88277855,216.8677606,110.05788710000002,43.037323000000015
vid_4_6300.jpg,357.5658466,201.21782495,98.80752539999996,41.081081100000006
vid_4_6340.jpg,95.628075255,209.28732305,79.73082489000001,41.57014149999998
vid_4_6340.jpg,16.386396525,216.37870015,32.77279305,31.299871299999975
vid_4_6360.jpg,18.83212735,205.6193694,37.6642547,34.2342342
vid_4_6360.jpg,641.51519535,197.30534105,68.9696093,42.05920209999999
vid_4_6380.jpg,466.89001445,204.39671815,123.75397970000006,45.48262549999998
vid_4_6380.jpg,562.51808975,200.97329475,74.3502170999999,33.74517370000001
vid_4_6400.jpg,222.80607815,206.1084299,126.6888567,44.015444
vid_4_6400.jpg,395.96382055,204.6412484,99.2966715,28.36550840000001
vid_4_6420.jpg,55.7626628225,207.08655085,98.807525355,45.97168589999998
vid_4_6420.jpg,229.89869755,207.3310811,77.28509410000004,37.65765759999999
vid_4_6420.jpg,644.2054992999999,196.0826898,63.58900140000003,32.76705279999999
vid_4_6440.jpg,95.38350217,209.28732305,77.28509405999999,33.74517370000001
vid_4_6440.jpg,472.27062225,201.70688545,112.99276410000004,43.03732310000001
vid_4_6440.jpg,571.8118669,195.3490991,75.32850940000003,33.25611319999999
vid_4_6460.jpg,237.23589,210.7545045,105.6555716,37.65765759999999
vid_4_6460.jpg,401.09985525,201.21782495,88.0463097,38.14671809999999
vid_4_6480.jpg,65.301013035,217.8458816,96.36179453,37.1685972
vid_4_6480.jpg,236.99131695,209.77638355,105.16642550000005,33.74517370000001
vid_4_6500.jpg,103.94356005,214.17792795,73.86107090000002,37.657657700000016
vid_4_6520.jpg,17.85383502,210.99903475,35.70767004,27.3873873
vid_4_680.jpg,623.1722142,220.78024455,105.65557160000004,67.49034750000001
vid_4_700.jpg,380.3111433,240.3426641,259.7366136,86.074646
vid_4_700.jpg,631.2431259,214.6669884,89.51374820000001,67.00128699999999
vid_4_720.jpg,94.6005831,233.68028535,189.2011662,79.35149150000001
vid_4_720.jpg,407.22594755,236.3910506,246.84839650000004,84.77302200000003
vid_4_740.jpg,102.6554989,234.74659975,205.3109978,76.78756470000002
vid_4_8240.jpg,501.95338675,201.02898315,124.56518569999996,40.8549223
vid_4_8220.jpg,608.3015295,199.7984132,114.71813539999994,42.33160620000001
vid_4_8260.jpg,393.38965765,205.70514895,119.14930809999998,50.20725390000001
vid_4_8280.jpg,278.67152225,210.38131475,105.3634377,43.80829010000002
vid_4_8320.jpg,87.638747285,213.33468265,92.56227243,34.94818649999999
vid_4_8340.jpg,28.064093225,211.3657707,56.12818645,32.979274600000025
vid_4_8300.jpg,174.785142,213.8269106,100.4399126,41.8393782
vid_4_8560.jpg,230.420976,209.15074485,101.4246176,35.4404145
vid_4_860.jpg,370.00291335,220.22587435,155.09104150000002,53.65284969999999
vid_4_8580.jpg,123.334304455,208.65851685,91.08521489000002,36.4248705
vid_4_8600.jpg,39.14202476275,206.19737695,76.3146394745,35.4404145
vid_4_8640.jpg,657.78295705,196.59893135,36.434085900000014,30.02590669999998
vid_4_8660.jpg,544.5418791,197.5833873,90.5928624,34.948186599999985
vid_4_8680.jpg,395.605244,204.474579,73.36052439999997,32.9792746
vid_4_8700.jpg,238.2986162,208.65851685,76.80699199999998,31.502590700000013
vid_4_8720.jpg,106.594319005,214.3191386,73.36052439,30.0259068
vid_4_8740.jpg,19.447924255,215.0574806,38.89584851,28.549222799999995
vid_4_880.jpg,48.98907502,219.97976035,97.97815004,46.2694301
vid_4_8960.jpg,70.4064093455,214.81136655,126.042243309,44.79274609999999
vid_4_8980.jpg,60.5593590585,211.6118847,104.378732683,43.316062200000005
vid_4_9000.jpg,56.12818644000001,204.966807,90.59286232,40.8549222
vid_4_900.jpg,655.0750181999999,184.78545985,41.84996360000002,27.072538899999984
vid_4_9020.jpg,47.5120174795,210.13520075,77.29934450100001,31.502590699999985
vid_4_9040.jpg,44.065549895,212.5963407,64.49817917,32.48704660000001
vid_4_9040.jpg,499.73780045,205.212921,112.25637290000004,36.4248704
vid_4_9060.jpg,259.22359795,213.3346826,91.08521489999998,37.90155440000001
vid_4_9060.jpg,36.6802622,210.1352008,52.68171886,27.5647668
vid_4_9080.jpg,30.279679535000003,206.19737695,36.926438450000006,16.735751300000004
vid_4_9080.jpg,67.20611800500001,216.7802785,79.26875459,24.119170999999994
vid_4_920.jpg,607.56300075,196.59893135,136.87399849999997,65.46632129999998
vid_4_9200.jpg,558.0815732000001,184.0471179,67.45229419999998,32.48704660000001
vid_4_9220.jpg,388.2199563,196.10670335,81.2381646,34.94818650000002
vid_4_9240.jpg,220.0815732,197.0911593,61.0517116,29.04145079999998
vid_4_9260.jpg,93.300801185,205.45903495,57.60524403,22.1502591
vid_4_9260.jpg,640.79679535,185.0315738,70.40640929999995,37.4093264
vid_4_9280.jpg,15.509104152,204.228465,26.094683176,23.626942999999983
vid_4_9280.jpg,478.0742899,189.46162565,83.69992719999999,27.564766899999995
vid_4_9300.jpg,277.1944647,196.59893135,78.77640200000002,31.994818700000025
vid_4_9300.jpg,481.5207575,193.64556345,91.57756740000002,43.80829010000002
vid_4_9320.jpg,214.66569555,202.0134391,90.5928623,32.9792746
vid_4_9320.jpg,108.31755281,203.73623705,67.94464678000001,25.59585490000001
vid_4_9340.jpg,31.75673707,203.98235105,63.51347414,25.103626899999995
vid_4_940.jpg,223.0356883,215.54970855,170.35396939999998,60.05181350000001
vid_4_940.jpg,542.57246905,197.09115935,65.97523670000004,31.9948187
vid_4_9420.jpg,478.81281865000005,197.09115935,107.82520030000006,44.79274609999999
vid_4_9460.jpg,29.78732702,207.42794685,59.57465404,35.932642500000014
vid_4_9440.jpg,200.8798252,203.24400905,93.5469774,41.34715029999998
vid_4_9500.jpg,616.6715222,196.35281735,118.65695559999996,53.16062170000001
vid_4_9520.jpg,315.59796065,208.65851685,121.11871810000002,55.1295337
vid_4_9520.jpg,646.7050254999999,195.12224745,58.58994900000005,26.088082900000018
vid_4_9540.jpg,63.26729789000001,209.1507448,96.99344502,39.378238400000015
vid_4_9540.jpg,454.195193,201.02898315,157.06045160000008,55.62176170000001
vid_4_9560.jpg,149.18281137000002,211.6118847,132.93517846000003,53.1606218
vid_4_9560.jpg,245.19155135,210.87354275,64.99053170000002,31.0103627
vid_4_9560.jpg,563.49745085,197.0911593,123.58048070000008,46.76165799999998
vid_4_9580.jpg,328.15294974999995,205.95126295,113.7334305,44.79274609999999
vid_4_9580.jpg,69.421704275,214.3191386,72.86817185000001,29.041450800000007
vid_4_960.jpg,466.25782955,197.5833873,57.112891500000046,28.056994799999984
vid_4_9600.jpg,134.412235975,210.87354275,110.28696285,41.83937829999999
vid_4_9600.jpg,502.199563,208.90463085,132.93517840000004,48.730569900000006
vid_4_9640.jpg,101.670793905,215.0574806,79.26875458999999,38.39378239999999
vid_4_9640.jpg,322.49089585,213.08856865,128.9963583,56.11398970000002
vid_4_9660.jpg,63.75965041,216.04193655,102.90167518,44.300518100000005
vid_4_9620.jpg,21.17115805,211.11965675,42.3423161,29.5336787
vid_4_9620.jpg,169.3692644,218.25696245,115.21048799999998,46.761658100000005
vid_4_9620.jpg,291.96504005,210.62742875,96.50109249999996,38.3937823
vid_4_9620.jpg,619.3794610499999,201.02898315,113.24107790000004,44.792746100000016
vid_4_9720.jpg,414.3146395,208.41240285,105.8557902,33.9637305
vid_4_9760.jpg,19.69410051,214.0730246,39.38820102,32.487046599999985
vid_4_9760.jpg,356.46321925,210.13520075,198.9104151,63.9896373
vid_4_9760.jpg,523.1245448,200.29064115,103.88638020000002,45.2849741
vid_4_9740.jpg,174.53896575,212.5963407,98.9628551,42.33160619999998
vid_4_9700.jpg,631.9344501,203.73623705,88.13109980000002,39.37823830000002
vid_4_9780.jpg,259.96212675,212.5963407,110.28696290000002,38.39378239999999
vid_4_9780.jpg,56.12818645,214.07302465,112.2563729,54.1450777
vid_4_980.jpg,385.019665,202.75178105,45.29643119999997,30.51813469999999
vid_4_9800.jpg,58.34377276000001,211.8579987,79.26875456,38.8860104
vid_4_9800.jpg,653.3517844,197.0911593,45.29643120000003,33.96373059999999
vid_4_9820.jpg,448.77931535,207.1818329,122.5957757,55.1295336
vid_4_9840.jpg,193.24836125,214.0730246,113.7334305,44.3005182
vid_4_9860.jpg,24.617625635,217.2725065,49.23525127,37.90155440000001
vid_4_9880.jpg,433.2702112,203.49012305,206.7880554,94.0155441
vid_4_9900.jpg,70.89876185,203.73623705,141.7975237,70.8808291
vid_4_9960.jpg,552.1733430500001,200.5367552,129.4887109,56.60621760000001
vid_4_9980.jpg,285.07210485,210.38131475,127.0269483,55.62176169999998
